{
    "config": "flex",
    "compilerOptions": {
        "debug": true,
        "js-output-type": "flexjs",
        "define": [
            {
                "name": "COMPILE::SWF",
                "value": true
            },
            {
                "name": "COMPILE::JS",
                "value": false
            }
        ]
    },
    "files":
    [
        "Basic/src/main/flex/BasicClasses.as",
        "Binding/src/main/flex/BindingClasses.as",
        "Charts/src/main/flex/ChartsClasses.as",
        "Collections/src/main/flex/CollectionsClasses.as",
        "Core/src/main/flex/CoreClasses.as",
        "CreateJS/src/main/flex/CreateJSClasses.as",
        "DragDrop/src/main/flex/DragDropClasses.as",
        "Effects/src/main/flex/EffectsClasses.as",
        "Express/src/main/flex/ExpressClasses.as",
        "Flat/src/main/flex/FlatClasses.as",
        "FontAwesome/src/main/flex/FAClasses.as",
        "Formatters/src/main/flex/FormattersClasses.as",
        "GoogleMaps/src/main/flex/GoogleMapsClasses.as",
        "GoogleMaps/src/main/flex/GoogleStubClasses.as",
        "Graphics/src/main/flex/GraphicsClasses.as",
        "HTML/src/main/flex/HTMLClasses.as",
        "HTML5/src/main/flex/HTML5Classes.as",
        "JQuery/src/main/flex/JQueryClasses.as",
        "Language/src/main/flex/LanguageClasses.as",
        "MaterialDesignLite/src/main/flex/MDLClasses.as",
        "Mobile/src/main/flex/MobileClasses.as",
        "Mobile/src/main/flex/CordovaClasses.as",
        "Network/src/main/flex/NetworkClasses.as",
        "Storage/src/main/flex/StorageClasses.as",
        "XML/src/main/flex/XMLClasses.as"
    ]
}
