<?xml version="1.0" encoding="UTF-8"?>
<!--
 
 Licensed to the Apache Software Foundation (ASF) under one or more
 contributor license agreements.  See the NOTICE file distributed with
 this work for additional information regarding copyright ownership.
 The ASF licenses this file to You under the Apache License, Version 2.0
 (the "License"); you may not use this file except in compliance with
 the License.  You may obtain a copy of the License at
 
 http://www.apache.org/licenses/LICENSE-2.0
 
 Unless required by applicable law or agreed to in writing, software
 distributed under the License is distributed on an "AS IS" BASIS,
 WITHOUT WARRANTIES OR CONDITIONS OF ANY KIND, either express or implied.
 See the License for the specific language governing permissions and
 limitations under the License.
 
 -->
<settings xsi:schemaLocation="http://maven.apache.org/SETTINGS/1.1.0 http://maven.apache.org/xsd/settings-1.1.0.xsd"
          xmlns="http://maven.apache.org/SETTINGS/1.1.0"
          xmlns:xsi="http://www.w3.org/2001/XMLSchema-instance">

    <!-- Tell maven to place downloaded files relative to this settings file -->
    <!--localRepository>.mvn/repository</localRepository-->

    <!-- If you need to use a proxy, comment in this section -->
    <!--proxies>
        <proxy>
            <active>true</active>
            <protocol>proxy-protocol (http/https)</protocol>
            <host>proxy-host</host>
            <port>proxy-port</port>
        </proxy>
    </proxies-->

    <!-- Profile that adds the apache snapshot repo to maven -->
    <profiles>
        <profile>
            <id>apache-snapshots-enabled</id>
            <!--Enable snapshots for the built in central repo and plugin repo -->
            <repositories>
                <repository>
                    <id>apache-snapshots</id>
                    <url>http://repository.apache.org/snapshots/</url>
                    <releases>
                        <enabled>false</enabled>
                    </releases>
                    <snapshots>
                        <enabled>true</enabled>
                    </snapshots>
                </repository>
            </repositories>
            <pluginRepositories>
                <pluginRepository>
                    <id>apache-snapshots</id>
                    <url>http://repository.apache.org/snapshots/</url>
                    <releases>
                        <enabled>false</enabled>
                    </releases>
                    <snapshots>
                        <enabled>true</enabled>
                    </snapshots>
                </pluginRepository>
            </pluginRepositories>
        </profile>
    </profiles>

    <!-- Activate the apache-snapshots-enabled profile -->
    <activeProfiles>
        <activeProfile>apache-snapshots-enabled</activeProfile>
    </activeProfiles>
</settings>